{"_step":9,"training_loss":0.0099430128730623,"training_accuracy":99.71333333333334,"learning_rate":0.001,"epoch":10,"_wandb":{"runtime":122},"_runtime":122,"_timestamp":1.774791846676715e+09}