{"_step":9,"_wandb":{"runtime":99},"_runtime":99,"training_loss":0.3918178763712337,"training_accuracy":87.63940647310154,"learning_rate":0.001,"epoch":10,"_timestamp":1.7747921321136007e+09}