{"_step":9,"training_loss":0.526926948057721,"training_accuracy":81.442,"_wandb":{"runtime":498},"_runtime":498,"learning_rate":0.0001,"epoch":10,"_timestamp":1.7747896886518095e+09}