{"_wandb":{"runtime":493},"_runtime":493,"_step":9,"training_loss":0.22180626797668465,"training_accuracy":92.078,"learning_rate":0.0001,"epoch":10,"_timestamp":1.7747882270272663e+09}